   
 {       
    "parkings": [  {
            "parkA": [1,0,1,0],
            "coordsA": [
                "18.217597681837834, -67.14288145560002", 
                "18.21757284111633,-67.14287340897359",
                "18.217555006749976,-67.14286133903393",
                "18.217534624614764, -67.14284926909426"
                ],
                  
                 
            
            "parkB": [0,1,0,1],
            "coordsB": [
                  "18.227597681837834, -67.14288145560002", 
                  "18.22757284111633,-67.14287340897359",
                  "18.227555006749976,-67.14286133903393",
                  "18.227534624614764, -67.14284926909426"
                  ],
            
            
            "parkC": [1,0,1,0],
            "coordsC": [
                  "18.217597681837834, -67.14288145560002", 
                  "18.21757284111633,-67.14287340897359",
                  "18.217555006749976,-67.14286133903393",
                  "18.217534624614764, -67.14284926909426"
                  ],
            
            
            "parkD": [1,0,1,0],
            "coordsD": [
                  "18.217597681837834, -67.14288145560002", 
                  "18.21757284111633,-67.14287340897359",
                  "18.217555006749976,-67.14286133903393",
                  "18.217534624614764, -67.14284926909426"
                  ]
    
}]

}